Wyatt,Griffith,53,87
Vaughan,Shannon,60,75
Reed,Cooper,37,35
Rooney,Hawkins,35,67
Finn,Cross,78,7
Hasad,Nelson,39,19
Reed,Stanton,5,96
Ezekiel,Byers,61,82
Dolan,Cox,45,50
Flynn,Gamble,39,34
Zeph,Lindsey,43,64
Tiger,Reynolds,56,12
Kennedy,Wilkins,29,88
Martin,Simpson,83,51
Neville,Becker,42,46
Gary,Leon,2,4
Merrill,Sparks,59,7
Dillon,Sanford,81,91
Otto,Morton,39,13
Shad,Sweeney,14,15
Elvis,Prince,85,19
Yardley,Burt,85,39
Forrest,Brooks,45,75
Gage,Duran,56,23
Harding,Mcclain,99,30
Grant,Cooke,91,26
Preston,Sweet,30,49
Louis,Alvarez,56,1
Dominic,Buckley,58,3
Isaac,Olsen,2,93
Buckminster,Johns,52,99
Uriel,Santos,100,53
Griffith,Joseph,14,51
Price,Dale,37,68
Elton,Rosa,16,85
Lamar,Snider,48,90
Herrod,Charles,5,2
Jelani,Watts,39,71
Marsden,Thornton,87,30
Channing,Mcfadden,77,38
Ronan,Lara,14,62
Merrill,Ochoa,23,14
Fritz,Sampson,63,56
Carson,Rogers,65,25
Dieter,Cleveland,83,25
Tobias,Romero,27,83
Xander,Solomon,99,76
Raymond,Tate,72,100
Salvador,Moran,56,57
Gray,Brady,94,8
Harrison,Jackson,66,59
Jamal,Warner,46,4
Malik,Harmon,3,88
Cole,Bartlett,6,72
Noble,Skinner,45,71
Nigel,Nixon,1,4
Armand,Dorsey,90,75
Akeem,Potts,62,53
Giacomo,Neal,48,74
Dane,Scott,27,71
Brandon,Cooley,3,52
Ivor,Owen,76,79
Erasmus,Moody,34,27
Ivan,Richards,39,38
Acton,Day,27,5
Plato,Leon,77,48
Kermit,Horne,10,99
Chester,Gallegos,18,13
Zachery,Boone,76,59
Declan,Cohen,37,64
Valentine,Meadows,62,36
Adrian,Oneal,45,31
Yuli,Guzman,23,56
Grady,Leblanc,3,33
Logan,Middleton,7,90
Baxter,Patrick,3,94
Chester,Byrd,51,17
Ferris,Holcomb,6,8
Dieter,Cortez,33,15
Alec,Solis,71,94
Ulysses,Avery,87,4
Hamish,Melendez,98,75
Brady,Stuart,59,43
Price,Mosley,56,37
Avram,Holcomb,77,8
Aquila,Fischer,75,85
John,Pickett,55,14
Davis,Burke,80,1
Keegan,Preston,73,37
Kaseem,Bass,97,39
Aaron,Rosa,50,33
Brendan,Frost,33,57
Camden,Wallace,75,19
Basil,Flores,94,77
Connor,Fuentes,61,100
Brandon,Cook,53,90
Alan,Cline,66,52
Justin,Murray,90,1
Lionel,Thompson,19,41